"房源标题";"价格";"出租方式";"户型";"建筑面积";"朝向";"楼层";"装修";"小区名称";"地址"
"双玺花园二期 朝东南 一线海景 早晨看初升的太阳";"42000元/月（押二付一）";"整租";"5室2厅3卫";"252平米";"东";"中层";"豪华装修";"海上双玺花园二期 (南山/蛇口)";"深圳南山蛇口望海路南侧"
"半岛城邦三期 7栋朝南 全海景";"15000元/月（押二付一）";"整租";"2室2厅1卫";"86平米";"南";"低层";"精装修";"半岛城邦三期 (南山/蛇口)";"东角头望海路与金世纪路交汇处"
"半岛城邦三期 朝南看海 精装修2房 全齐";"14500元/月（押二付一）";"整租";"2室2厅1卫";"85平米";"南";"低层";"精装修";"半岛城邦三期 (南山/蛇口)";"东角头望海路与金世纪路交汇处"
"浅水湾楼层好客厅出阳台，车位多，业主诚意出租，看房预约！";"24000元/月（押二付一）";"整租";"4室2厅2卫";"180平米";"南北";"中层";"简装修";"卓越浅水湾 (南山/科技园)";"南山区科技园南区高新南环路61号"
"半岛城邦三期 高层海景 中间位置 安静居家 随时入住 配置齐全";"15000元/月（押二付一）";"整租";"2室2厅1卫";"87平米";"南";"高层";"豪华装修";"半岛城邦三期 (南山/蛇口)";"东角头望海路与金世纪路交汇处"
"南海玫瑰花园一期 豪华装修大3房 带入户花园 全新配置 拎包即住";"15000元/月（押二付一）";"整租";"3室2厅2卫";"127平米";"南";"高层";"豪华装修";"南海玫瑰花园二期 (南山/蛇口)";"蛇口东角头公园南路与望海路交汇处"
"半岛城邦三期 业主自己精心设计搭配 如图所示 精装海景房";"18000元/月（押二付一）";"整租";"2室2厅1卫";"85平米";"南";"低层";"精装修";"半岛城邦三期 (南山/蛇口)";"东角头望海路与金世纪路交汇处"
"精装修 阳光带二期三房 13000租金 近地铁2号线科苑站 高绿化";"14000元/月（押二付一）";"整租";"3室2厅2卫";"118平米";"西南";"高层";"简装修";"阳光带海滨城 (南山/科技园)";"科技园南区高新南十道和沙河西路交汇处"
"阳光带二期精装3房，家私电器全齐，看房方便";"14000元/月（押二付一）";"整租";"3室2厅2卫";"118平米";"南";"低层";"豪华装修";"阳光带海滨城二期 (南山/科技园)";"科苑南路与高新南十道交汇处"
"半岛城邦二期 精装修 设计简单舒服 朝南看海 3+1房";"18000元/月（押二付一）";"整租";"4室2厅2卫";"156平米";"南";"低层";"精装修";"半岛城邦二期 (南山/蛇口)";"南山蛇口望海路与金世纪路交汇处"
"古朴却文雅。东海花园二期，品质小区家私齐全 口物业";"14500元/月（押二付一）";"整租";"3室2厅1卫";"120平米";"暂无";"中层";"简装修";"东海花园 (福田/农科中心)";"香林路与农轩路交汇处"
"半岛城邦三期 豪华装修 2房2厅 家具齐全 滨海长廊 高层看海";"14500元/月（押二付一）";"整租";"2室2厅1卫";"85平米";"南";"中层";"豪华装修";"半岛城邦三期 (南山/蛇口)";"东角头望海路与金世纪路交汇处"
"月朗苑精装2房 钥匙在手 随时看房 临万科第五园 旭景家园";"4500元/月（押二付一）";"整租";"3室2厅1卫";"70平米";"东南";"高层";"简装修";"中海月朗苑 (龙岗/坂田)";"布吉镇雅园路"
"缇香名苑福田中心繁华路段地铁口喜缺高品质小区情侣房";"5700元/月（押二付一）";"整租";"1室1厅1卫";"46平米";"南";"高层";"简装修";"缇香名苑 (福田/景田)";"香梅路与红荔西路交汇处"
"公园大地花园龙岗中心区精装3房背靠龙城公园全新家私电拎包入住";"6500元/月（押二付一）";"整租";"3室2厅2卫";"122平米";"南";"高层";"精装修";"公园大地花园(龙岗/龙岗中心城)";"龙翔大道与怡翠绿交汇处"
"满京华喜悦里 南联站200米 三房带家私家电 舒适便捷";"4000元/月（押二付一）";"整租";"3室2厅2卫";"89平米";"东南";"中层";"毛坯";"满京华喜悦里 (龙岗/龙岗中心城)";"龙岗大道与碧新路交汇处（地铁龙岗线南联站南侧200米"
"全新欧式家私，智能家电，滨海豪宅社区，看一线海景，居家的选择";"28000元/月（押二付一）";"整租";"4室2厅2卫";"164平米";"南北";"高层";"精装修";"半岛城邦三期 (南山/蛇口)";"东角头望海路与金世纪路交汇处"
"君临海域 社区新 带泳池 豪装2房出租 全家私家电";"5500元/月（押二付一）";"整租";"2室2厅1卫";"66平米";"南";"低层";"豪华装修";"君临海域公寓 (盐田/沙头角)";"盐田海景二路与海山东二街交汇处"
"实拍金海湾 金域蓝湾 碧海红树园 现代美式风格 干净清爽 即入住";"15500元/月（押二付一）";"整租";"3室2厅2卫";"117平米";"南";"高层";"豪华装修";"金海湾花园 (福田/上下沙)";"沙嘴路和福荣路交汇处"
"《润府一期3房出租》家私家电全齐，拎包入住，看房方便";"20000元/月（押二付一）";"整租";"3室2厅2卫";"113平米";"东北";"低层";"精装修";"润府(一期) (南山/科技园)";"深圳市南山区深科发路与铜鼓路交汇处东北角"
"佳华领汇三房出租，家私家电齐全，急租";"6000元/月（押二付一）";"整租";"3室1厅1卫";"78平米";"西南";"中层";"精装修";"佳华领汇广场 (龙岗/坂田)";"坂田街道吉华路与五和大道交界处西南"
"荣泰园 沙井站物业 精装3房 家电家私齐全 拎包入住，看房有钥匙";"3200元/月（押二付一）";"整租";"3室2厅1卫";"98平米";"南";"中层";"精装修";"荣泰园 (宝安/沙井)";"宝安大道与新沙路交汇处佳华商场对面"
"东方银座超现代复式 2房 全新装修出租";"7200元/月（押二付一）";"整租";"2室2厅1卫";"70平米";"东南";"高层";"精装修";"东方银座公馆 (南山/前海)";"前海路与学府路交汇处以东"
"地铁4号线红山站 安静舒适 出行方便 华业玫瑰四季馨园二期";"7500元/月（押二付一）";"整租";"3室2厅2卫";"96平米";"南北";"中层";"精装修";"华业玫瑰四季二期 (龙华区/民治)";"腾龙路与中梅路交汇处"
"近5/7号线 带家具家电 拎包入住 采光好 业主急租";"5300元/月（押一付一）";"整租";"2室2厅1卫";"72平米";"东";"高层";"精装修";"鸿园居 (罗湖/布心)";"深圳市罗湖区布心路2037号"
"精装一房一厅 业主保养比较好 家私电全齐 拎包入住 地鉄口";"4800元/月（押二付一）";"整租";"1室1厅1卫";"45平米";"南";"中层";"精装修";"韵动家园 (福田/上下沙)";"滨河路与沙嘴路交汇"
"桃源村配套 方大城150米 真正精装 随时看房";"6600元/月（押二付一）";"整租";"3室2厅1卫";"103平米";"南";"中层";"精装修";"鼎胜林栖园 (南山/西丽)";"西丽桃源村西侧龙井路与龙珠四路交汇处"
"景田擎天华庭，福田图书馆旁，2房62平精装修，双景田站旁";"6300元/月（押二付一）";"整租";"2室2厅1卫";"62平米";"南";"中层";"精装修";"擎天华庭 (福田/景田)";"景田路与商报路交汇处"
"不用满城跑 中海华庭有你满意的爱巢 看房方便";"12800元/月（押二付一）";"整租";"2室2厅1卫";"84平米";"南北";"中层";"豪华装修";"中海华庭 (福田/福田中心区)";"民田路89号"
"地铁口精装三房 户型通透 带品牌家私 拎包入住";"6800元/月（押二付一）";"整租";"3室2厅2卫";"89平米";"南";"中层";"精装修";"中航天逸 (龙华区/民治)";"龙华新区人民路与腾龙路交汇东侧"
"皇达东方雅苑 业主 3室2厅1卫 精装修，价格便宜，交通";"14000元/月（押二付一）";"整租";"3室2厅1卫";"101平米";"东南";"高层";"精装修";"皇达东方雅苑 (福田/皇岗)";"益田路与福民路交汇处"
"后海花园里雅居小高层电梯四房，育才三中楼上海月口";"12000元/月（押二付一）";"整租";"4室2厅2卫";"124平米";"南北";"中层";"精装修";"后海花半里 (南山/后海)";"后海路与工业七路交汇处"
"万象城旁都市名园金装一房一厅全齐出租";"5800元/月（押二付一）";"整租";"1室1厅1卫";"50平米";"东";"中层";"精装修";"都市名园 (罗湖/蔡屋围)";"滨河路与宝安南路交汇处"
"东海花园南向3房出租 拎包入住";"14000元/月（押二付一）";"整租";"3室2厅2卫";"123平米";"南";"高层";"精装修";"东海花园 (福田/农科中心)";"香林路与农轩路交汇处"
"地铁口物业 前海金岸 精装单间 家私电器齐全 拎包入住";"3300元/月（押二付一）";"整租";"1室0厅1卫";"30平米";"南";"中层";"精装修";"前海金岸 (南山/南头)";"桃园路与南新路交汇处"
"荣城市春天 豪华型2室双阳台 东南向 直接可以拎包 入住";"14000元/月（押一付三）";"整租";"3室2厅2卫";"100平米";"东南";"高层";"精装修";"荣超城市春天花园 (福田/华强)";"深圳福田区南福华路30号(靠近福田服装市场)"
"浅水湾漂亮装修靓房出来了 业主刚搬走 房子一看就喜欢";"25000元/月（押二付一）";"整租";"5室2厅2卫";"180平米";"南北";"低层";"精装修";"卓越浅水湾 (南山/科技园)";"南山区科技园南区高新南环路61号"
"三湘海尚花园二期 精装修，保养好，可配齐家私，看房方便";"23000元/月（押一付一）";"整租";"5室2厅1卫";"175平米";"南北";"低层";"简装修";"三湘海尚 (南山/蛇口)";"南山工业八路与后海滨路交汇处"
"一房一厅丨丨业主给使用丨5号前丨配套齐全";"3200元/月（押二付一）";"整租";"1室1厅1卫";"43平米";"东";"高层";"简装修";"布心工业区 (罗湖/布心)";"东晓路3001号布心工业区"
"栖游记精装一房，高楼层无遮挡，花园社区，看房方便";"4300元/月（押二付一）";"整租";"1室1厅1卫";"31平米";"南北";"高层";"精装修";"栖游记 (南山/蛇口)";"后海大道与花果山路交汇处"
"纯水岸一期复式豪装 带花园 看湖景 有私家车位 中空客厅 有钥匙";"55000元/月（押二付一）";"整租";"5室1厅3卫";"288平米";"南北";"中层";"精装修";"纯水岸一期 (南山/华侨城)";"南山区华侨城香山中街"
"颐安都会2期 客厅阳台朝南 78平 3房 家私齐全 4300月";"4300元/月（押一付二）";"整租";"3室2厅1卫";"78平米";"南";"高层";"精装修";"颐安都会中央 (龙岗/龙岗中心城)";"地铁3号线大运站C出口"
"中旅国际 园林式豪宅 全新豪华装修，安静看小区花园";"13000元/月（押二付一）";"整租";"3室2厅2卫";"118平米";"南北";"中层";"精装修";"中旅国际公馆二期 (福田/农科中心)";"福田农科中心农林路玉润田路交汇处"
"业主现全 齐出租 装修保养好 可随时入住 交通便利 价格可议";"5300元/月（押二付一）";"整租";"3室2厅2卫";"89平米";"南";"中层";"豪华装修";"佳兆业城市广场 (龙岗/坂田)";"坂雪岗大道与布澜大道交汇处"
"大南山旁 口 大型商围绕 泛海城市广场一房 价格实惠租";"4000元/月（面议）";"整租";"1室1厅1卫";"40平米";"南北";"中层";"精装修";"泛海城市广场 (南山/前海)";"前海路与兴海大道交汇东北侧（泛海拉菲花园二期南侧）"
"光明新区 牛山公园 精装三房 家私家电齐全 离近周边生活配套齐全";"2000元/月（押一付三）";"整租";"3室2厅1卫";"85平米";"南";"中层";"简装修";"富安花园 (光明新区/光明)";"宝安区光明街道"
"彩天名苑新出一房，业主出租，1号线岗厦站口，先到先得";"5800元/月（押二付一）";"整租";"1室1厅1卫";"48平米";"南北";"高层";"精装修";"彩天名苑 (福田/福田中心区)";"彩田路与深南大道交汇处"
"福莲花园三房，近莲花，田面设计之都";"6800元/月（押二付一）";"整租";"3室2厅1卫";"95平米";"南北";"高层";"简装修";"福莲花园 (福田/莲花)";"红荔路5011号"
"现房实图 美荔园126平精装大3房 家电全齐 随时看房";"12000元/月（押二付一）";"整租";"3室2厅1卫";"126平米";"西南";"中层";"精装修";"美荔园 (罗湖/蔡屋围)";"红岭中路1018号，荔枝公园正门对面"
"低价格高品质单间";"3100元/月（押一付三）";"整租";"1室1厅1卫";"34平米";"东南";"中层";"简装修";"西城品阁 (宝安/新安)";"前进路与新安路交汇处"
"底价出租信和自由广场72.63平采光好拎包随时就可以入住";"5200元/月（押二付一）";"整租";"2室2厅1卫";"73平米";"南";"低层";"简装修";"信和自由广场 (南山/南油)";"南海大道与东滨路交汇处"
"龙华轻轨站物业，装修风格，可直接拎包入住，业主诚心";"2800元/月（押二付一）";"整租";"1室1厅1卫";"50平米";"南";"高层";"精装修";"大唐时代公寓 (龙华区/龙华)";"深圳市龙华清湖梅龙大道与清龙"
"环境优美，舒适";"5900元/月（面议）";"整租";"1室1厅1卫";"63平米";"南";"低层";"精装修";"侨城馨苑 (南山/华侨城)";"香山中街西南侧"
"水湾1979低调的奢华，南北正规大三房，等您来哟！";"13000元/月（押一付三）";"整租";"3室1厅1卫";"146平米";"南北";"高层";"豪华装修";"水湾1979 (南山/蛇口)";"蛇口太子路与荔园路交汇（水湾地铁站D出口）"
"双 尊贵享受型复式两房总裁 豪华装修 看房方便";"14000元/月（押二付一）";"整租";"2室2厅2卫";"118平米";"南北";"中层";"精装修";"中洲中央公园 (宝安/新安)";"深圳宝安区创业路与前进路交汇处"
"业主房放租了，现状吉房放租 客厅出阳台 厨房带大露台";"19000元/月（押二付一）";"整租";"4室2厅2卫";"142平米";"南北";"低层";"精装修";"岸芷汀兰 (南山/科技园)";"深圳市南山区高新南环路2号"
"实拍 首出租 南向，高楼层实价家私全齐随时可看房";"13000元/月（押二付一）";"整租";"3室2厅2卫";"121平米";"南";"高层";"精装修";"百仕达乐湖 (罗湖/水库)";"太宁路北侧东乐路东侧东湖公园西侧"
"2600元 3号线 爱联站 名居广场 家私电全齐";"2000元/月（押二付一）";"整租";"1室0厅1卫";"32平米";"南";"高层";"简装修";"名居广场 (龙岗/龙岗中心城)";"龙岗大道和如意路交汇处，地铁3号线爱联站西北侧"
"海印长城两房一厅 诚意出租 周边交通方便 急租";"6500元/月（押二付一）";"整租";"2室1厅1卫";"68平米";"南北";"中层";"毛坯";"海印长城二期 (南山/南山中心区)";"广东省深圳市南山区海德三道201"
"双玺公馆 全新大2房 豪华装修 家私全齐 看房方便";"15000元/月（押二付一）";"整租";"2室2厅1卫";"88平米";"南";"高层";"豪华装修";"海上双玺花园一期 (南山/蛇口)";"南山蛇口望海路南侧"
"豪方天际 科技园 精装大三房 俯瞰中山公园 天然氧吧";"7500元/月（面议）";"整租";"3室2厅1卫";"78平米";"西南";"中层";"精装修";"豪方天际 (南山/南头)";"北环大道与南山大道交汇处"
"华润城润府二期 高层四房 双主卧设计 赠送入户花园 看房有密码";"30000元/月（押二付一）";"整租";"4室2厅3卫";"188平米";"南";"高层";"豪华装修";"润府（一期） (南山/科技园)";"深圳市南山区深科发路与铜鼓路交汇处东北角"
"人才公园旁 别墅两房、家私电器全齐、客厅出阳台";"10000元/月（押二付一）";"整租";"2室2厅1卫";"82平米";"南北";"高层";"豪华装修";"东海万豪广场 (南山/科技园)";"南山区科技园高新南十一道"
"温馨舒适的家 潜龙鑫茂花园 小区绿化高 居家舒适休闲 拎包入住";"4300元/月（押二付一）";"整租";"2室2厅1卫";"69平米";"南";"中层";"精装修";"潜龙鑫茂花园 (龙华区/民治)";"深圳市宝安区民丰路173号"
"11号线 中海精装两房 家电全齐 拎包入住 有钥匙看房方便";"2500元/月（押二付一）";"整租";"2室2厅1卫";"54平米";"南";"中层";"精装修";"中海西岸华府 (宝安/松岗)";"松岗沙江西路与朗碧路交汇处"
"皇后道别墅，带私家花园，客厅大气，大花园业主刚放租";"50000元/月（押二付一）";"整租";"9室5厅7卫";"262平米";"南北";"高层";"豪华装修";"卓越皇后道 (龙华区/民治)";"人民路与新区大道交汇处东南侧"
"保税区大三房 生活方便 户型很大适合住家 有心租 海鹏苑";"4300元/月（押二付一）";"整租";"3室2厅2卫";"93平米";"南";"中层";"精装修";"海鹏苑 (盐田/沙头角)";"盐田区沙头角深盐路"
"御河堤朝花园内精装一房一厅，双面采光居家安静带阳台";"5000元/月（押二付一）";"整租";"1室1厅1卫";"38平米";"西";"高层";"精装修";"御河堤 (福田/上步)";"红岭南路与东园路交汇处岁宝百货旁"
"汇文苑 地铁沿线 位置好 周边配套齐全 中间楼层 两房适合居家";"4200元/月（押二付一）";"整租";"2室2厅1卫";"53平米";"南";"中层";"精装修";"汇文苑 (南山/西丽)";"南山区西丽龙珠大道旁"
"网红集中地 真正的地/铁口，出了家门就上地铁";"5000元/月（押二付一）";"整租";"2室2厅1卫";"65平米";"南";"中层";"精装修";"佳兆业大都汇 (龙岗/布吉)";"地铁3、5号线交汇处布吉站出入口"
"安家优选 佳宁娜广场 2室1厅 77平";"7000元/月（面议）";"整租";"2室1厅1卫";"78平米";"南";"低层";"精装修";"佳宁娜友谊广场 (罗湖/人民南)";"深圳市罗湖区人民南路2002号"
"家私电器全齐，有钥匙可看现房";"20000元/月（押二付一）";"整租";"3室2厅2卫";"147平米";"南";"中层";"简装修";"兰溪谷 (南山/蛇口)";"蛇口沿山路与工业四路交汇处"
"前面是城市的风景与历史，后面是城市的经济与未来";"4500元/月（押二付一）";"整租";"1室1厅1卫";"32平米";"东南";"高层";"简装修";"丽阳天下 (福田/石厦)";"滨河路与新洲路交叉路口东南"
"业主诚租 中海天钻 高层南向精装配新家私电器 直面香港山水";"16000元/月（押二付一）";"整租";"3室2厅2卫";"100平米";"南";"高层";"精装修";"中海天钻 (罗湖/蔡屋围)";"桂园街道滨河路与红岭路交汇处东南侧"
"精装两房出租 4700可谈 接受短租";"4700元/月（押二付一）";"整租";"2室2厅1卫";"74平米";"南北";"高层";"中装修";"万科第五园一期 (龙岗/坂田)";"龙岗梅观高速与布龙公路交汇处"
"大学城，安静舒适大三房，家电全齐，看房方便。";"7500元/月（押二付一）";"整租";"3室2厅2卫";"97平米";"南北";"低层";"精装修";"桑泰丹华 (南山/西丽)";"西丽深圳大学城附近"
"壹城全新精装五房，前后无遮挡，随时可看，拎包";"6800元/月（押二付一）";"整租";"5室2厅2卫";"104平米";"南";"高层";"精装修";"鸿荣源·壹成中心花园 (龙华区/龙华)";"人民路与建设路交汇处"
"东方尊峪 高楼层 精装修 厅出阳台 家私齐全 随时可以入住";"12000元/月（押二付一）";"整租";"3室2厅2卫";"136平米";"北";"高层";"精装修";"万科东方尊峪 (罗湖/莲塘)";"罗湖区罗沙路2018号"
"东方华都 精装一房一厅出租 家私电器齐全 保养好 家的感觉 速度";"3900元/月（押二付一）";"整租";"1室1厅1卫";"40平米";"南";"中层";"精装修";"京基东方华都 (罗湖/黄贝岭)";"文锦中路螺岭小学旁"
"保利城花园 来福士旁车位足 漂亮 近海岸城 人才公园";"9500元/月（押二付一）";"整租";"2室2厅1卫";"91平米";"南";"高层";"简装修";"保利城花园 (南山/南山中心区)";"深圳市南山区南海大道2710号"
"布心口 太白居，二楼三房出租，看房联系我，有钥匙";"5600元/月（押一付三）";"整租";"3室2厅1卫";"88平米";"南北";"低层";"简装修";"太白居 (罗湖/布心)";"罗湖区东晓路3028号"
"好房出租 百仕达五期 精装东向三房 高楼层 一线东湖美景";"15000元/月（押二付一）";"整租";"3室2厅2卫";"121平米";"东";"高层";"精装修";"百仕达花园五期 (罗湖/水库)";"太宁路北侧东乐路东侧东湖公园西侧"
"大新地铁口住宅，东方银座公馆精装复式两房，业主初次出租！";"6500元/月（押二付一）";"整租";"2室2厅2卫";"63平米";"南";"中层";"精装修";"东方银座公馆 (南山/前海)";"前海路与学府路交汇处以东"
"雍景湾精装大两房出租，和公园，舒适";"11000元/月（押二付一）";"整租";"2室2厅1卫";"83平米";"南北";"低层";"简装修";"招商雍景湾 (南山/蛇口)";"深圳市南山区爱榕路48号"
"中海精装排屋出租";"9000元/月（押二付一）";"整租";"5室2厅2卫";"134平米";"南";"低层";"精装修";"中海怡翠山庄四期 (龙岗/布吉)";"布龙公路与深惠公路交汇处北侧"
"新 汇金家园，精致两房，户型方正，正南朝向，楼层佳，阳光充足";"6000元/月（押二付一）";"整租";"2室2厅1卫";"73平米";"南";"中层";"精装修";"汇金家园 (南山/南头)";"艺园路与玉泉路交汇处"
"星河华居精装两房,户型方正,采光通风,业主诚心";"6800元/月（押二付一）";"整租";"2室2厅1卫";"68平米";"南";"中层";"简装修";"星河华居 (福田/皇岗)";"深圳市福田区福港路26号"
"近 启典精装小复式 家电全齐 独立厨房 随时入住看房方便";"2480元/月（押二付一）";"整租";"1室1厅1卫";"37平米";"南北";"高层";"豪华装修";"珠光苑 (南山/西丽)";"南山西丽沙河西路"
"罗宝线固戍式小区 复式精致一房几站到高新园深大 即看就住";"2000元/月（押二付一）";"整租";"1室1厅1卫";"54平米";"南";"高层";"精装修";"万象新天二期 (宝安/西乡)";"固戍二路与宝安大道交汇处"
"城市东座聚宝路口旁靓装一房全齐出租拎包入住 业主诚心出租有钥";"3500元/月（押二付一）";"整租";"1室1厅1卫";"38平米";"北";"低层";"精装修";"城市东座 (罗湖/莲塘)";"莲塘港莲路与罗沙公路交汇处"
"彩世界家园 高层两房 精装修 全齐出租 视野开阔";"5300元/月（押二付一）";"整租";"2室2厅1卫";"68平米";"南";"高层";"精装修";"彩世界家园 (罗湖/布心)";"东湖路与太白路交汇处"
"万科四季花城，环中线五和站，温馨装修，可配齐家私电，来电看房";"4500元/月（押二付一）";"整租";"2室2厅1卫";"74平米";"东";"中层";"精装修";"万科四季花城 (龙岗/坂田)";"梅观高速与布龙公路交汇处"
"七街公馆，次新小区，人脸识别入户，近.家私齐全，";"5000元/月（押一付三）";"整租";"1室1厅1卫";"42平米";"南";"中层";"豪华装修";"七街公馆 (福田/景田)";"景田北七街青海大厦西侧"
"南联口 精装三房 海航城";"4300元/月（押二付一）";"整租";"3室2厅1卫";"86平米";"南";"高层";"精装修";"深圳海航城 (龙岗/龙岗中心城)";"深惠路与碧新路交汇处（地铁三号线南联站C出口）"
"地铁口2房，看房方便，带家私家电全齐出租，拎包即可入住。";"7800元/月（押二付一）";"整租";"2室2厅1卫";"78平米";"西南";"低层";"简装修";"嘉隆星苑 (福田/香蜜湖)";"香梅北路2003号"
"鸿荣源自有租售复式大五房.豪华装修.拎包入住";"12000元/月（押二付一）";"整租";"5室2厅2卫";"106平米";"南";"低层";"豪华装修";"鸿荣源·壹成中心花园 (龙华区/龙华)";"人民路与建设路交汇处"
"陶润懿峰精装3房 业主诚心出租 车位充足 门口100米轻轨";"3800元/月（押二付一）";"整租";"3室2厅1卫";"75平米";"南";"中层";"精装修";"陶润懿峰 (龙华区/观澜)";"观澜大和路和环观南路交汇处"
"香蜜湖侨香公馆 豪华大3房 家私电花园式大社区 看房方便";"8500元/月（押二付一）";"整租";"3室2厅2卫";"110平米";"东南";"高层";"精装修";"侨香公馆 (福田/竹子林)";"福田区竹子林侨香路3028号"
"（今日家园 ）4室116平，客厅 宽敞大气，卧室搭配的很新颖，";"6200元/月（押二付一）";"整租";"4室2厅1卫";"116平米";"东南";"高层";"精装修";"今日家园 (罗湖/布心)";"东湖路与东昌路交汇处"
"交通方便 地铁站 东方银座 豪华装修 高层景观 韦德健身 人人乐";"6800元/月（押二付一）";"整租";"2室1厅1卫";"67平米";"南";"高层";"豪华装修";"东方银座公馆 (南山/前海)";"前海路与学府路交汇处以东"
"西丽学子荔园简装修南上班族的";"2800元/月（押二付一）";"整租";"1室0厅1卫";"31平米";"南";"高层";"简装修";"学子荔园 (南山/西丽)";"西丽镇官龙路10号"
"豪华装修3房 从未出租过 现在装修 清爽 整洁";"7600元/月（面议）";"整租";"3室2厅1卫";"86平米";"东南";"中层";"精装修";"皇御苑二期 (福田/皇岗)";"福田区滨河大道与皇岗路交汇处"
"东乐花园 安静位置 大两房出租 4500居家很合适";"4500元/月（押一付一）";"整租";"2室2厅2卫";"77平米";"南";"中层";"精装修";"东乐花园 (罗湖/布心)";"布心路和太宁路交界处"
"底价出租南北大冲城市花园采光好拎包随时就可以入住";"9500元/月（押二付一）";"整租";"2室2厅1卫";"80平米";"南北";"中层";"精装修";"大冲城市花园 (南山/科技园)";"深圳南山区大冲片区高新园铜鼓路168号"
"《新出》百花园一期中装三房、家私齐全可长租、00年新小区，诚租";"11500元/月（押二付一）";"整租";"3室2厅2卫";"111平米";"西南";"中层";"中装修";"百花园一期 (福田/华强)";"福田区上步中路与百花二路交汇处"
"泰阳硅谷 环境好 精装全齐 随时看房 -整租";"3300元/月（押二付一）";"整租";"1室1厅1卫";"30平米";"南";"高层";"精装修";"泰阳硅谷公寓 (南山/科技园)";"科技园中区科技北路与青梧路交汇处"
"红荔村 低层三房家私电全齐 租金便宜 看房有钥匙";"6500元/月（押二付一）";"整租";"3室2厅1卫";"75平米";"南北";"低层";"精装修";"红荔村 (福田/华强)";"福田区红荔路与华发北路交汇处"
"华强花园朝南2房2厅，仅8700月随时看房 随时入住住家都可";"8700元/月（押二付一）";"整租";"2室2厅1卫";"94平米";"南";"高层";"精装修";"鼎盛时代 (福田/华强)";"福田区福虹路16号附近"
"金地香蜜山（134平南北通三房、新出租保养好）随时";"13000元/月（押二付一）";"整租";"3室2厅2卫";"134平米";"南北";"中层";"精装修";"金地香蜜山 (福田/香蜜湖)";"香蜜路与侨香路交汇处"
"海滨花园小区方正三房 中间楼层 家私齐全 交通便利";"9000元/月（押二付一）";"整租";"3室2厅1卫";"61平米";"南";"中层";"豪华装修";"海滨花园(蛇口) (南山/蛇口)";"兴华路5号"
"中新街芳华苑 华侨城成熟老社区 精装3房 想租的赶紧来";"8500元/月（押二付一）";"整租";"3室2厅1卫";"87平米";"南";"低层";"精装修";"中新街社区 (南山/华侨城)";"南山区沙河街道侨城东街"
"恒裕滨城 豪华装修大三房 家私家电齐全 高层看海景";"23000元/月（押二付一）";"整租";"3室2厅2卫";"113平米";"南北";"高层";"豪华装修";"恒裕滨城 (南山/后海)";"区招商东路与中心路交汇处（邻近东滨沙河西立交桥）"
"科技园华润大冲新市花园，万象城，60平两房。精装修";"7500元/月（押二付一）";"整租";"2室1厅1卫";"60平米";"南";"中层";"精装修";"大冲新城花园 (南山/科技园)";"广东省深圳市南山区科技路654号"
"凯丽花园 深大口 藤讯 科兴 海王 住家 宿舍";"7500元/月（押二付一）";"整租";"3室1厅1卫";"99平米";"东南";"中层";"精装修";"凯丽花园 (南山/科技园)";"高新中四道与科技中二路交界"
"布心花园精装修大两房 干净整洁 舒适4000块";"4000元/月（押一付一）";"整租";"2室2厅1卫";"73平米";"南";"中层";"精装修";"布心花园三期 (罗湖/布心)";"布心东湖路与太白路交汇处"
"现实太残酷，找套房子不容易，好房横空出世";"4500元/月（押二付一）";"整租";"2室2厅1卫";"78平米";"南";"高层";"精装修";"旭景佳园 (龙岗/坂田)";"布龙公路与坂雪岗大道交汇处南侧"
"新出来 4+1房2卫 装修保养好 中间楼层看花园 招商海月花园二期";"14000元/月（押二付一）";"整租";"4室2厅2卫";"168平米";"南";"中层";"精装修";"招商海月花园二期 (南山/蛇口)";"海月路与工业八路交汇处"
"润府二期89平租16000元 东南向家私家电全齐随时看房";"16000元/月（押二付一）";"整租";"2室2厅2卫";"89平米";"东南";"中层";"简装修";"华润城二期 (南山/科技园)";"深圳科技园大冲片区的铜鼓路东面科发路北面"
"满足您心心念的复式情结，开阔全明不压抑，完整四房，家私齐全！";"12000元/月（面议）";"整租";"4室2厅2卫";"89平米";"南北";"高层";"精装修";"曦湾华府 (南山/蛇口)";"中心路372号"
"1号线桃园站 正规怡房一厅 精装修 拎包入住 近科技园";"3800元/月（押二付一）";"整租";"1室1厅1卫";"38平米";"南";"中层";"精装修";"友邻公寓 (南山/南油)";"南油大道与桃园路交汇处"
"金域蓝湾精装两房急租，看海景，家私电器全齐";"8500元/月（押二付一）";"整租";"2室2厅1卫";"78平米";"南";"低层";"豪华装修";"万科金域蓝湾二期 (福田/上下沙)";"红树林片区福荣路与沙嘴路交汇处"
"香山美墅 现代风格 业主装修 样版房标准家私电器首.次租";"20000元/月（押二付一）";"整租";"4室2厅3卫";"188平米";"南北";"中层";"豪华装修";"香山美墅 (南山/华侨城)";"华侨城文化创意园香山西街"
"长安花园 新出中装三房 干净整洁 看房方便 随时入住";"9000元/月（押二付一）";"整租";"3室2厅2卫";"103平米";"西北";"中层";"精装修";"长安花园 (福田/上步)";"百花四路与五路交汇处东侧"
"四海- 62平3房 电梯房 游泳池 停车位足 有钥匙急租";"6900元/月（押二付一）";"整租";"3室2厅1卫";"62平米";"东";"中层";"精装修";"华侨城四海公寓 (南山/蛇口)";"蛇口后海大道与工业七路交汇处西侧"
"实拍靖轩豪苑 匠心打造全智能唯美两房 黄贝岭地铁口 比邻国贸";"7500元/月（押二付一）";"整租";"2室2厅1卫";"72平米";"东南";"高层";"豪华装修";"靖轩豪苑 (罗湖/黄贝岭)";"黄贝岭地铁站A出口/深南东路与沿河北路交汇处"
"乐城 二房二厅一卫 豪华装修 家私电器全齐 朝东南 看房方便";"4300元/月（押一付三）";"整租";"2室2厅1卫";"76平米";"南";"低层";"豪华装修";"THE TOWN乐城 (龙岗/横岗)";"横岗街道深惠路与荷坳路交汇处"
"楼下就是地铁站 向南瑞峰花园 房子保养的好 住家首\先 车位充足";"7500元/月（押二付一）";"整租";"3室2厅2卫";"105平米";"南北";"高层";"精装修";"向南瑞峰花园 (南山/南山中心区)";"桂庙路北、南光路西"
"蛇口海滨花园3房 户型好 家私电齐全 近地铁口";"6800元/月（押二付一）";"整租";"3室2厅2卫";"61平米";"南北";"高层";"精装修";"海滨花园(蛇口) (南山/蛇口)";"兴华路5号"
"上河坊精装两房，业主诚心出租";"4600元/月（押二付一）";"整租";"2室1厅2卫";"52平米";"东南";"中层";"精装修";"书香门第上河坊 (龙华区/民治)";"梅龙路与金龙路交汇处"
"实图实价 太古城北区精装三房 家私家电全齐 东南向看海景";"17000元/月（押二付一）";"整租";"3室2厅2卫";"117平米";"东南";"中层";"精装修";"宝能太古城北区 (南山/后海)";"南山后海滨路以东"
"地铁口200米小区仅有带电梯带家私空房都可以的三房，装修好";"4500元/月（押二付一）";"整租";"3室2厅2卫";"110平米";"南北";"高层";"精装修";"美丽365花园 (龙华区/龙华)";"龙华东环二路与三联路交汇处"
"口物业，园林社区，公园商环绕，幼儿园林立，四通八达";"15000元/月（押二付一）";"整租";"3室2厅2卫";"118平米";"南北";"中层";"豪华装修";"中旅国际公馆二期 (福田/农科中心)";"福田农科中心农林路玉润田路交汇处"
"实拍图！！全新装修第①次放租，家私全齐，随时可以拎包入住";"7500元/月（押一付三）";"整租";"2室2厅1卫";"61平米";"南";"高层";"简装修";"蔚蓝雅苑 (南山/后海)";"南山区后海大道"
"靓盘！设施完善花样年花郡家园1室";"4600元/月（押二付一）";"整租";"1室1厅1卫";"38平米";"西北";"低层";"精装修";"花样年花郡家园 (宝安/宝安中心区)";"深圳市宝安区明玉路11号"
"名居广场 三房 精装修 新房首租 83平 3500元 直接入住";"3500元/月（押一付三）";"整租";"3室2厅1卫";"83平米";"南";"中层";"精装修";"名居广场 (龙岗/龙岗中心城)";"龙岗大道和如意路交汇处，地铁3号线爱联站西北侧"
"金地龙城 整租 全新家私电器 离龙城广场地铁站200米距离";"3500元/月（押一付一）";"整租";"3室2厅2卫";"89平米";"南";"低层";"精装修";"金地龙城中央 (龙岗/龙岗中心区)";"中心区龙城南路与龙岗大道交界处（地铁3号线龙城广场A"
"金地海景花园 精装2房 全齐家电 高层 安静 随时看房";"8300元/月（押二付一）";"整租";"2室2厅1卫";"84平米";"南";"中层";"豪华装修";"金地海景花园 (福田/新洲)";"新洲南路与福荣路交汇处"
"新出精装三房 位置安静 看小区全景 房子保养不错";"7800元/月（押二付一）";"整租";"3室2厅1卫";"87平米";"南";"中层";"精装修";"莲花一村 (福田/莲花)";"红荔路与皇岗路交界西南角"
"豪华装修，带品牌家私电器，3房带独立的衣帽间";"6300元/月（押二付一）";"整租";"3室2厅1卫";"82平米";"南";"低层";"豪华装修";"西城雅筑 (宝安/宝安中心区)";"深圳前海宝安中心区.新湖路地铁1号线宝体站"
"金地龙城 地铁口精装三房视野开阔采光好家私齐全可随时看房";"4200元/月（押二付一）";"整租";"3室2厅2卫";"88平米";"南";"高层";"精装修";"金地龙城中央 (龙岗/龙岗中心区)";"中心区龙城南路与龙岗大道交界处（地铁3号线龙城广场A"
"南海玫瑰花园一期 豪华装修大3房 带入户花园 全新配置 拎包即住";"15000元/月（押二付一）";"整租";"3室2厅2卫";"127平米";"南";"高层";"豪华装修";"南海玫瑰花园二期 (南山/蛇口)";"蛇口东角头公园南路与望海路交汇处"
"茗萃园精装三房，家私电全齐 采光好、户型正，拎包即入住";"3600元/月（押二付一）";"整租";"3室2厅1卫";"88平米";"南";"中层";"精装修";"佳兆业茗萃园 (龙岗/平湖)";"平湖良安田平安大道与良白路交汇处（华南城北大门东南侧"
"深大小西门创世纪滨海花园 精装四房 近软件产业基地";"10500元/月（押二付一）";"整租";"4室2厅2卫";"166平米";"南";"低层";"豪华装修";"创世纪滨海花园 (南山/南山中心区)";"滨海大道与南油大道交界处"
"双物业，高楼层南北通三房，陪读深高，配套齐全。";"10000元/月（押二付一）";"整租";"3室2厅1卫";"121平米";"南";"高层";"精装修";"香珠花园 (福田/香蜜湖)";"深南大道中段香蜜湖畔"
"大冲华润城配套，科苑花园隔壁泰阳硅谷有房租，";"3200元/月（押二付一）";"整租";"1室0厅1卫";"30平米";"南";"高层";"中装修";"博客公寓 (南山/科技园)";"南山区科科苑路与科华路交界处"
"鸿威海怡湾畔花园 装修保养好 4+1房 租金实惠";"20000元/月（押二付一）";"整租";"4室2厅2卫";"150平米";"南北";"高层";"豪华装修";"鸿威海怡湾畔花园 (南山/后海)";"深圳市南山区科苑路与中心路交界处"
"万科东海岸两房两厅出租5000";"5000元/月（押二付一）";"整租";"2室2厅1卫";"79平米";"南";"高层";"简装修";"万科东海岸二期 (盐田/梅沙)";"盐田大梅沙环碧路216号"
"精装看山景一房一厅,真正的拎衣入住,与9号地铁同行";"3300元/月（押二付一）";"整租";"1室1厅1卫";"36平米";"南";"中层";"精装修";"银晖名居 (罗湖/泥岗)";"深圳市罗湖区泥岗村金碧路"
"中旅国际公馆二期，豪华装修，家具电器齐全，干净";"15000元/月（押二付一）";"整租";"3室2厅2卫";"169平米";"南北";"高层";"精装修";"中旅国际公馆二期 (福田/农科中心)";"福田农科中心农林路玉润田路交汇处"
"大新地铁站新德家园 精装两房全齐";"6100元/月（押一付二）";"整租";"2室2厅1卫";"73平米";"南";"中层";"精装修";"新德家园 (南山/前海)";"前海路与学府路交界处"
"绿化小区 旁深大西门和软件产业基地 首.次出租 装修保养好";"7800元/月（押二付一）";"整租";"3室2厅2卫";"133平米";"南北";"中层";"精装修";"学林雅院 (南山/南山中心区)";"南山区南学府路99号"
"罗湖翠竹文康楼60335平全齐2500出租";"2500元/月（押二付一）";"整租";"1室0厅1卫";"35平米";"南";"中层";"精装修";"文康楼 (罗湖/水库)";"罗湖区水库新村二街"
"南联地/铁口复式一房一厅 家私电器齐全 采光充足高层";"2600元/月（押二付一）";"整租";"1室1厅1卫";"32平米";"南";"中层";"精装修";"远洋新干线 (龙岗/龙岗中心城)";"深圳地铁三号线龙城广场站、南联站之间（南联站A出口）"
"水湾直达！拎/包入住，高层，精装3房，首/次出租！";"8000元/月（押二付一）";"整租";"3室2厅1卫";"110平米";"南北";"高层";"豪华装修";"望海汇景苑 (南山/蛇口)";"蛇口海昌街101号"
"新安公园旁边，新安湖三期大三房，南向，高楼层，通风采光好急租";"7500元/月（押二付一）";"整租";"3室2厅2卫";"124平米";"南";"高层";"精装修";"新安湖花园三期 (宝安/新安)";"广东省深圳市宝安区兴华二路188"
"南向高楼层看香港景观 空房可配齐实图现房出租！";"12000元/月（押二付一）";"整租";"3室2厅2卫";"101平米";"南";"高层";"精装修";"中海天钻 (罗湖/蔡屋围)";"桂园街道滨河路与红岭路交汇处东南侧"
"购物公园旁， 宏轩大厦精装一房。周边购物生活方便。";"5000元/月（押二付一）";"整租";"1室1厅1卫";"45平米";"暂无";"中层";"精装修";"宏轩大厦 (福田/石厦)";"石厦北一街31号"
"白石龙地铁口豪装全新家私，诚心出租";"8000元/月（押二付一）";"整租";"4室2厅2卫";"90平米";"西北";"低层";"精装修";"龙光玖龙玺 (龙华区/民治)";"4号线白石龙地铁站C出口"
"星海名城(五期)新出的2室，看房方便";"5800元/月（押二付一）";"整租";"2室1厅1卫";"49平米";"南";"中层";"简装修";"星海名城五期 (南山/前海)";"前海路西侧，南头中学对面"
"蛇口 大两房海尚国际 近站 滨海长廊真实图片价格";"7300元/月（押二付一）";"整租";"2室1厅1卫";"82平米";"西南";"低层";"简装修";"海尚国际 (南山/蛇口)";"南山区蛇口海昌路与公园路交汇处西南角"
"万象天成 正中时代 豪华4房 业主诚心出租 小区自带幼儿园";"5000元/月（押一付一）";"整租";"4室2厅1卫";"141平米";"南";"高层";"精装修";"万象天成 (龙岗/龙岗中心城)";"龙岗中心城龙翔大道与盛龙路交汇处（龙城广场东北）"
"国展苑1室1厅1卫";"2800元/月（面议）";"整租";"1室1厅1卫";"45平米";"南";"高层";"中装修";"国展苑 (龙岗/布吉)";"布吉镇吉荣路"
"坪山高铁旁 招商花园城，空房出租。";"3000元/月（押二付一）";"整租";"3室2厅1卫";"89平米";"南";"中层";"精装修";"坪山招商花园城 (坪山区/坪山)";"管委会及中心公园旁"
"高新园地铁口 大冲新城花园全新精装小两房 看房方便业主急租";"7500元/月（押二付一）";"整租";"2室1厅1卫";"60平米";"南";"中层";"豪华装修";"大冲新城花园 (南山/科技园)";"广东省深圳市南山区科技路654号"
"婚房装修 碧海湾站+西乡站 花园社区带泳池";"4500元/月（押一付一）";"整租";"2室1厅1卫";"42平米";"南";"中层";"精装修";"碧海富通城一期 (宝安/西乡)";"西乡大道与兴业路交汇处"
"鹏兴花园三期大社区 精装两房全齐出租拎包入住有钥匙看房方便";"5500元/月（押二付一）";"整租";"2室2厅1卫";"76平米";"南";"中层";"精装修";"鹏兴花园三期 (罗湖/莲塘)";"莲塘聚福路与仙湖路交汇处"
"车公庙温馨小家园 泰安轩精装一房，高素质人群";"5500元/月（押二付一）";"整租";"1室1厅1卫";"49平米";"南北";"中层";"精装修";"泰安轩 (福田/车公庙)";"泰然四路118号"
"近3/5/7号线 公园旁的家 精装3房急租 有钥匙随时看房";"8500元/月（押一付一）";"整租";"3室2厅1卫";"93平米";"南北";"高层";"精装修";"百仕达花园一期 (罗湖/布心)";"罗湖水库东晓路南段（百仕达花园公交站附近）"
"御河堤新出单身 有钥匙带看";"4000元/月（押二付一）";"整租";"1室0厅1卫";"33平米";"南";"高层";"豪华装修";"御河堤 (福田/上步)";"红岭南路与东园路交汇处岁宝百货旁"
"安家优选 碧海红树园 3室2厅 122平";"17000元/月（面议）";"整租";"3室2厅1卫";"123平米";"南";"高层";"精装修";"碧海红树园 (福田/上下沙)";"滨河大道与福荣路交汇处"
"九号大院 高层精装修观湖海双景 看音乐喷泉 业主诚意出租！";"25000元/月（押二付一）";"整租";"4室2厅3卫";"315平米";"南北";"中层";"精装修";"香域中央花园 (福田/农科中心)";"福田香蜜湖农园路与泽田路交汇处"
"书香门第上河坊精装一室 带家电 实图 朝花园安静 可微信详询";"4000元/月（押二付一）";"整租";"1室1厅1卫";"42平米";"北";"中层";"精装修";"书香门第上河坊 (龙华区/民治)";"梅龙路与金龙路交汇处"
"福永小区精装修三房家电齐全，小区自带游泳池，随时入住！";"4500元/月（押二付一）";"整租";"3室2厅1卫";"82平米";"南";"高层";"精装修";"中粮凤凰里花苑 (宝安/福永)";"福永街道大洋路与塘新路交汇处"
"实拍固戍华庭178平四房出租 客厅出阳台 通风采光没得说";"5500元/月（押二付一）";"整租";"4室2厅2卫";"178平米";"南";"中层";"精装修";"固戍华庭 (宝安/西乡)";"宝安西乡固戍一路"
"中海怡美 豪华装修大三房 全家私电器出租 保养好采光佳";"3800元/月（押二付一）";"整租";"3室2厅2卫";"112平米";"西南";"中层";"精装修";"中海怡美山庄 (龙岗/横岗)";"康乐路与乐园路交汇处"
"109平米阳光带海滨城二期 科技园，全家私电器出租";"13500元/月（面议）";"整租";"3室2厅2卫";"109平米";"东南";"高层";"豪华装修";"阳光带海滨城二期 (南山/科技园)";"科苑南路与高新南十道交汇处"
"梅林关口 白石龙地铁站 星河盛世 精装一房一厅 空房急租 实惠";"4600元/月（押二付一）";"整租";"1室1厅1卫";"47平米";"南";"高层";"精装修";"星河盛世 (龙华区/民治)";"梅龙路与民乐路的交汇处(梅林检查站附近,地铁4号线白"
"蛇口海伴雅居 近海上世界 68平精装2房 朝南安静 家私全齐 诚租";"6200元/月（押二付一）";"整租";"2室2厅1卫";"68平米";"南";"中层";"精装修";"海伴雅居 (南山/蛇口)";"蛇口海昌路109号"
"红岭大厦精装三房，近地铁口，近荔枝公园，干净舒适，看房方便";"7000元/月（押二付一）";"整租";"3室1厅1卫";"84平米";"南";"高层";"精装修";"红岭大厦 (福田/上步)";"福田红岭南路与深南中路交汇处"
"高层海景豪园三大房，精装入住，家私电全齐，3房2厅2卫";"8800元/月（押二付一）";"整租";"3室2厅2卫";"100平米";"南";"高层";"精装修";"豪方现代豪园 (南山/科技园)";"高新中二道与科技中一路交汇处"
"豪园三大房，两个洗手间，业主住，家私电全齐，拎包即可入住";"9000元/月（押二付一）";"整租";"3室2厅2卫";"100平米";"南";"中层";"精装修";"豪方现代豪园 (南山/科技园)";"高新中二道与科技中一路交汇处"
"吉祥龙花园 太古城商圈 三房两厅 豪华装修 小区怡人";"15500元/月（押二付一）";"整租";"3室2厅2卫";"89平米";"南";"中层";"豪华装修";"吉祥龙 (南山/后海)";"后海滨路与工业七路交叉口"
"万科金域东郡 业主急租，大三房，家电齐全，！";"3400元/月（押一付三）";"整租";"3室2厅2卫";"105平米";"东南";"高层";"毛坯";"万科金域东郡 (坪山区/坪山)";"龙岗坪山街道大工业区行政中心区（中心公园旁）"
"翠海花园新式装修，高层3房安静舒适，公园位置，天然氧吧";"13000元/月（押二付一）";"整租";"3室2厅2卫";"121平米";"南北";"中层";"精装修";"振业翠海花园 (福田/农科中心)";"福田区侨香路与农园路交汇处"
"科技园近地铁毗邻科兴科学园的花园式大三房诚找租客哦";"8000元/月（押二付一）";"整租";"3室2厅2卫";"120平米";"南北";"中层";"精装修";"科苑花园 (南山/科技园)";"科技园北区科华路与科苑路交汇处"
"地铁站物业 全新装修 业主首.次出租 家私家电全齐 七街公馆";"4200元/月（押二付一）";"整租";"1室1厅1卫";"46平米";"南北";"高层";"豪华装修";"七街公馆 (福田/景田)";"景田北七街青海大厦西侧"
"直租 洪浪北上合花园旁精装一房一厅带阳台 家私电器齐全";"2500元/月（押二付一）";"整租";"1室1厅1卫";"45平米";"南北";"高层";"精装修";"上合花园 (宝安/新安)";"宝安新安街道上川二路与公园路交汇处上合村"
"山海四季城 精装大4房 南北通透采光好 带花园游泳池";"4800元/月（押一付一）";"整租";"4室2厅2卫";"120平米";"南";"低层";"精装修";"山海四季城一期 (盐田/盐田港)";"中心区北山道（盐田实验学校旁）、毗邻地铁8号线盐田站"
"御锦公馆.低价出租！！！4000月全齐出租";"4000元/月（押一付一）";"整租";"1室0厅1卫";"25平米";"南";"中层";"精装修";"御锦公馆 (福田/梅林)";"广康路1号"
"福田中心区购物公园 精装2房 家私家电齐全 南向看花园";"12000元/月（押二付一）";"整租";"2室2厅1卫";"85平米";"东南";"中层";"精装修";"中海华庭 (福田/福田中心区)";"民田路89号"
"全新装修,家电齐全,配套成熟设施完善，丽湖花园两房，急租";"2500元/月（押二付一）";"整租";"2室2厅1卫";"60平米";"南";"中层";"精装修";"丽湖花园 (龙岗/布吉)";"布吉镇上水径布龙路边307总站旁边"
"蔡屋围精装全齐拎包入住！3000元！";"3000元/月（押二付一）";"整租";"1室1厅1卫";"36平米";"西南";"中层";"精装修";"中航凯特公寓 (罗湖/蔡屋围)";"深圳市罗湖区宝安南路3019号"
"大新地铁口 精装修大3房 温馨入住 居家享受 看房方便";"7800元/月（押一付二）";"整租";"3室2厅2卫";"100平米";"南";"高层";"精装修";"前海花园 (南山/前海)";"前海路与桃园路交汇处"
"香山里 162平三房 夏天找房辛苦，请到我的店铺来";"23000元/月（面议）";"整租";"3室2厅3卫";"162平米";"南北";"中层";"精装修";"香山里 (南山/华侨城)";"华侨城香山西街8号"
"双玺花园公馆百万豪装 东南朝向3面采光看海景 图片真实";"15000元/月（面议）";"整租";"1室1厅1卫";"88平米";"东南";"中层";"豪华装修";"海上双玺花园一期 (南山/蛇口)";"南山蛇口望海路南侧"
"科技园腾.讯大厦旁阳光海景豪苑精装两房配齐家具家电出租";"5000元/月（押二付一）";"整租";"2室2厅1卫";"60平米";"南";"中层";"精装修";"阳光海景豪苑 (南山/科技园)";"高新中四道与南海大道交界处"
"黄木岗北区2房 近笔架山公园、近公交、近华润、要选好位置";"5800元/月（押二付一）";"整租";"2室2厅1卫";"76平米";"南北";"高层";"简装修";"黄木岗北区 (福田/笔架山)";"笋岗路西路与梅岗路交汇处西北角"
"精装2房 家私电器全齐 拎包入住";"4100元/月（押二付一）";"整租";"2室2厅1卫";"63平米";"南";"低层";"精装修";"碧桐湾 (盐田/沙头角)";"深圳市盐田区恩上路一巷"
"俊安苑 家电齐全 装修漂亮 位置安静 看房有钥匙";"13000元/月（押一付一）";"整租";"4室2厅3卫";"133平米";"南";"低层";"豪华装修";"俊安苑 (福田/农科中心)";"深圳市福田区农科中心农轩路121号"
"蛇口海上世界 人人乐旁 好楼层 106平豪装 家私全齐 拎包入住";"10000元/月（押二付一）";"整租";"3室1厅1卫";"106平米";"南";"低层";"豪华装修";"海尚国际 (南山/蛇口)";"南山区蛇口海昌路与公园路交汇处西南角"
"南山豪庭精装大两房 家具齐全 拎包入住";"5800元/月（押二付一）";"整租";"2室2厅1卫";"80平米";"南北";"中层";"精装修";"南山豪庭 (南山/南头)";"南头红花路136号"
"金洪观荟3室2厅,业主豪装5.1米出租";"4000元/月（押二付一）";"整租";"3室2厅2卫";"51平米";"西";"低层";"精装修";"金洪观荟二期 (龙华区/观澜)";"碧澜路与悦兴路交汇处"
"龙园意境精装2房4100元 干净清爽 看房方便 电梯高层";"4100元/月（押二付一）";"整租";"2室2厅1卫";"78平米";"南";"中层";"简装修";"龙园意境 (龙岗/布吉)";"深圳市龙岗区布吉街道布龙路与景芬路交汇处"
"西湖林语二加一户型 精装 全齐家私 静谧小区 月底空出";"7000元/月（押二付一）";"整租";"2室1厅1卫";"79平米";"南";"低层";"精装修";"西湖林语名苑 (南山/西丽)";"丽山路与丽水路交界处"
"地铁始发站 中海精装三房两厅 精致装修 家电全齐";"4500元/月（押二付一）";"整租";"3室2厅2卫";"129平米";"东南";"高层";"精装修";"中海西岸华府 (宝安/松岗)";"松岗沙江西路与朗碧路交汇处"
"罗湖布心 东乐大厦 3房豪华装修 家私家电全齐 仅租6500";"6500元/月（押二付一）";"整租";"3室1厅1卫";"111平米";"西北";"中层";"豪华装修";"东乐大厦 (罗湖/布心)";"深圳市罗湖区深南东路2019号"
"实景拍摄！业主精心装修3房，，周边配套齐全，诚心出租";"7500元/月（押一付三）";"整租";"3室2厅2卫";"89平米";"东北";"高层";"精装修";"泰福苑 (南山/蛇口)";"蛇口街道湾厦村"
"湾区大空港看立新湖景84平精装三房租金4500拎包入住";"4500元/月（押二付一）";"整租";"3室2厅2卫";"85平米";"南";"高层";"精装修";"御景水岸花园(别墅)(宝安/福永)";"温馨路"
"深业258平米顶楼6房上下三层家电齐全楼下11号线宝安站旁";"18000元/月（面议）";"整租";"6室4厅2卫";"285平米";"东南";"高层";"豪华装修";"深业新岸线三期 (宝安/宝安中心区)";"创业路与罗田路交汇处"
"绿景公馆1866(南区)，全新配置，横空出世了！期待你的入住";"4000元/月（押二付一）";"整租";"1室1厅1卫";"54平米";"南北";"高层";"精装修";"绿景公馆1866 (龙华区/龙华)";"龙华拓展区梅龙路与民兴路交汇处西南"
"11号线松岗站，精装电梯房，家电齐全，带阳台，采光好环境好";"1580元/月（押二付一）";"整租";"1室1厅1卫";"45平米";"南北";"高层";"精装修";"御景城 (宝安/松岗)";"沙江路与宝安大道交汇处"
"万科金域东郡+万科金域缇香+招商花园城+家私电齐全";"3000元/月（押二付一）";"整租";"3室2厅1卫";"108平米";"南";"高层";"精装修";"万科金域东郡 (坪山区/坪山)";"龙岗坪山街道大工业区行政中心区（中心公园旁）"
"精装修两房，高楼层，视野开阔，家私电器齐全";"8888元/月（押二付一）";"整租";"2室1厅1卫";"68平米";"东南";"高层";"精装修";"后海公馆 (南山/后海)";"后海蓝天路与后海滨路的交汇处"
"水湾1979上精装两房，保养很好，业主诚租";"9800元/月（面议）";"整租";"2室2厅1卫";"95平米";"西南";"中层";"豪华装修";"水湾1979 (南山/蛇口)";"蛇口太子路与荔园路交汇（水湾地铁站D出口）"
"《国庆！豪装》三房，高楼层。朝花园，看泳池";"4500元/月（押二付一）";"整租";"3室1厅1卫";"88平米";"南";"高层";"中装修";"熙璟城 (龙岗/平湖)";"平湖·富安大道与平安大道交汇处"
"福永地铁站，同泰时代中心广场，豪装大房，家私家电全齐 ，";"2800元/月（面议）";"整租";"1室2厅1卫";"52平米";"南";"中层";"豪华装修";"同泰时代中心(宝安/福永)";"蚝业路"
"南海玫瑰园二期，200平花园，4房诚心出租";"20000元/月（押二付一）";"整租";"4室2厅2卫";"126平米";"南";"低层";"豪华装修";"南海玫瑰花园二期 (南山/蛇口)";"蛇口东角头公园南路与望海路交汇处"
"近地铁口大新站 阳光棕榈园 全齐正规一房一厅 拎包入住";"5500元/月（押二付一）";"整租";"1室1厅1卫";"40平米";"南";"高层";"精装修";"阳光棕榈园 (南山/前海)";"前海路与学府路交汇处"
"罗湖口 金迪名苑 水贝商圈 一房家私电器都有 看房方便";"2500元/月（押二付一）";"整租";"1室0厅1卫";"26平米";"东";"低层";"简装修";"金迪名苑 (罗湖/布心)";"布心路及东昌路交汇处"
"金地龙城 近龙城广场 精装三房 业主诚心租房";"3600元/月（押二付一）";"整租";"3室2厅2卫";"89平米";"东南";"中层";"精装修";"金地龙城中央 (龙岗/龙岗中心区)";"中心区龙城南路与龙岗大道交界处（地铁3号线龙城广场A"
"深圳实验高中 豪宅 一梯两户南北通透";"11000元/月（押二付一）";"整租";"5室2厅2卫";"189平米";"南北";"低层";"豪华装修";"官龙名苑 (南山/西丽)";"西丽镇同发路"
"后海皇庭港湾精装大三房，全齐家私，方便看房，房源真实有效";"17000元/月（押二付一）";"整租";"3室2厅2卫";"177平米";"南";"高层";"中装修";"皇庭港湾 (南山/蛇口)";"南山后海中心路与招商东路交汇处东南角"
"招商花园城小区3房两厅欢迎您的光临业主急租";"2900元/月（押一付三）";"整租";"3室2厅1卫";"89平米";"南";"高层";"精装修";"坪山招商花园城 (坪山区/坪山)";"管委会及中心公园旁"
"旭景佳园精装大3房，家私电器齐全，拎包入住，保养很新";"5300元/月（押二付一）";"整租";"2室2厅1卫";"106平米";"南北";"中层";"精装修";"旭景佳园 (龙岗/坂田)";"布龙公路与坂雪岗大道交汇处南侧"
"世纪广场新出，标准一房一厅，业主放租只要4500全新家私";"4200元/月（押一付三）";"整租";"1室1厅1卫";"58平米";"南";"低层";"精装修";"世纪广场 (南山/南油)";"南山区东滨路4024号"
"富通蟠龙居 3室2厅 5800元";"5800元/月（面议）";"整租";"3室2厅2卫";"95平米";"东南";"中层";"中装修";"富通蟠龙居 (宝安/西乡)";"宝安区西乡新城大道58区"
"半岛城邦三期1栋高楼层全海景，南北通透5房 全新豪装";"35000元/月（押二付一）";"整租";"6室2厅3卫";"226平米";"南北";"高层";"豪华装修";"半岛城邦三期 (南山/蛇口)";"东角头望海路与金世纪路交汇处"
"福田中 心区，彩天名苑两房业主诚心出租";"6300元/月（押二付一）";"整租";"2室1厅1卫";"61平米";"东";"中层";"精装修";"彩天名苑 (福田/福田中心区)";"彩田路与深南大道交汇处"
"真，实房源，车公庙出口，出行便利，周边配套齐全，。";"7800元/月（押二付一）";"整租";"2室1厅1卫";"62平米";"南北";"中层";"精装修";"泰康轩 (福田/车公庙)";"深南大道与泰然九路交汇处深南大道入口"
"店长推荐！中海华庭 家电家具齐全 干净整洁，拎包入住";"11000元/月（押二付一）";"整租";"2室2厅1卫";"84平米";"南";"中层";"精装修";"中海华庭 (福田/福田中心区)";"民田路89号"
"龙胜口接驳，特发和平里，精装全齐一房，临港铁天颂及中海锦城";"3700元/月（押二付一）";"整租";"1室1厅1卫";"39平米";"南";"高层";"精装修";"特发和平里 (龙华区/民治)";"和平路与布龙路交汇处西角，地铁4号线龙胜站AD出口"
"东南朝向，彩光好！带家私家电，精装。";"2700元/月（押二付一）";"整租";"3室2厅1卫";"83平米";"东南";"低层";"精装修";"坪山首座项目 (坪山区/坪山)";"广东省深圳市龙岗区横坪路汤坑小学旁"
"星河盛世豪装2房 高层 家私电器全齐 看房方便";"5800元/月（押二付一）";"整租";"2室1厅1卫";"51平米";"南";"高层";"精装修";"星河盛世 (龙华区/民治)";"梅龙路与民乐路的交汇处(梅林检查站附近,地铁4号线白"
"真实的房源 和价格 不是广告房源 出租了 2室";"5800元/月（押二付一）";"整租";"2室2厅1卫";"62平米";"南";"中层";"精装修";"花好园 (福田/上下沙)";"滨河大道辅路与东涌路交汇处"
"真图实价 深航假日名居 豪装大三房 看海景 安静小区 有钥匙";"7400元/月（押二付一）";"整租";"3室2厅2卫";"120平米";"南";"高层";"豪华装修";"深航假日名居 (宝安/宝安中心区)";"宝安区 新安六路与滨海大道交汇处东北角"
"华强北，桑达雅苑三房两厅，商+住的选择，近市场";"9500元/月（押二付一）";"整租";"3室2厅1卫";"99平米";"南";"高层";"简装修";"桑达雅苑 (福田/华强)";"华强北华发北路"
"温馨两房 家私全齐 随时看房 拎包入住";"6200元/月（押二付一）";"整租";"2室1厅1卫";"60平米";"南";"高层";"精装修";"中爱花园 (南山/西丽)";"龙珠大道东桃源村北"
"嘉年华名苑一房一厅便宜放组了，看房随时方便";"4000元/月（押二付一）";"整租";"1室1厅1卫";"44平米";"南";"高层";"简装修";"嘉年华名苑 (罗湖/东门)";"罗湖区晒布路18号"
"李正岭推荐：摧残星河，高楼层东南向，豪装3+1房，有钥匙随时看";"15000元/月（押二付一）";"整租";"3室2厅2卫";"143平米";"南";"高层";"豪华装修";"星河国际花园 (福田/福田中心区)";"福华四路与民田路的交汇处"
"香山美墅 装修很漂亮 九层新 全齐 随时入住";"27000元/月（押二付一）";"整租";"4室2厅3卫";"186平米";"南";"中层";"精装修";"香山美墅 (南山/华侨城)";"华侨城文化创意园香山西街"
"急租 菁英趣庭豪华装修,客厅出大阳台,朝东南安静,真实图片";"5200元/月（押一付一）";"整租";"2室2厅1卫";"65平米";"南";"高层";"精装修";"菁英趣庭 (宝安/宝安中心区)";"宝安大道与裕安路交汇处"
"双玺花园公馆 全新智能家私家电 来电即可看房";"17880元/月（押二付一）";"整租";"2室2厅1卫";"88平米";"南";"高层";"豪华装修";"海上世界双玺花园三期 (南山/蛇口)";"蛇口望海路"
"桃源村三期三房保养干净安静位置口";"6500元/月（押二付一）";"整租";"3室2厅1卫";"92平米";"东";"高层";"中装修";"桃源村三期 (南山/西丽)";"龙珠大道南侧，北环路北侧"
"皇岗 益田花园二期 南北通 精装3房 家电家具全齐 拎包即可入住";"8500元/月（押二付一）";"整租";"3室2厅2卫";"103平米";"南北";"中层";"精装修";"益田花园二期 (福田/皇岗)";"福田福强路皇岗公园对面"
"海欣花园185平的5房出租，交通便利 采光好，仅13000元";"13000元/月（押二付一）";"整租";"5室2厅2卫";"185平米";"南";"低层";"中装修";"海欣花园 (南山/蛇口)";"南山区蛇口海昌街"
"乐城 精装修3室2厅 诚心出租4500";"4200元/月（押一付一）";"整租";"3室1厅2卫";"90平米";"南北";"高层";"精装修";"THE TOWN乐城 (龙岗/横岗)";"横岗街道深惠路与荷坳路交汇处"
"万科四季花城一期 2室2厅 4500元";"4500元/月（押二付一）";"整租";"2室2厅1卫";"72平米";"东西";"中层";"简装修";"万科四季花城三期 (龙岗/坂田)";"坂田街道五和南路与布龙公路交汇"
"精装修，干净整洁，随时入住 可. 办. 公";"13000元/月（押二付一）";"整租";"3室2厅2卫";"110平米";"南";"高层";"精装修";"沙河世纪假日广场 (南山/华侨城)";"深圳市南山区华侨城片区世界之窗对面（深南大道北侧）"
"顶奢豪宅 南向看海景 豪装3房家私全齐，门卡在手随时看房";"35000元/月（押一付二）";"整租";"3室2厅3卫";"200平米";"南北";"中层";"豪华装修";"东海国际公寓 (福田/车公庙)";"深南大道7888号东海国际中心（二期）B区"
"店长推荐！南山花园4室精装修家具电器齐全干净";"11500元/月（押二付一）";"整租";"4室2厅2卫";"168平米";"南北";"高层";"精装修";"南山花园(南山/前海)";"荔湾路137号"
"京基100旁，小高层带电梯，住家3房2厅，看房方便";"7500元/月（押二付一）";"整租";"3室2厅1卫";"90平米";"南";"低层";"精装修";"祥宝楼 (罗湖/蔡屋围)";"罗湖区红宝路67号"
"雍翠华府，两房仅租4500，精装修，拎包入住，近水贝珠宝圈";"4500元/月（押一付三）";"整租";"2室1厅1卫";"52平米";"南北";"低层";"简装修";"雍翠华府 (罗湖/布心)";"太白路4088号"
"东湖丽苑 2房2厅 户型方正，看房有钥匙";"3880元/月（押一付三）";"整租";"2室1厅1卫";"53平米";"南";"高层";"简装修";"东湖丽苑 (罗湖/水库)";"罗湖区爱国路3001号"
"合正名园花园泳池小区，家私家电齐全，居家精装，暖心";"6200元/月（押二付一）";"整租";"1室1厅1卫";"65平米";"北";"高层";"精装修";"合正名园 (福田/景田)";"新闻路与景田南路交汇处"
"此房现在可看，明天搬家，随时可以签约，3房南北通透 实图";"5600元/月（押二付一）";"整租";"3室2厅1卫";"80平米";"南北";"中层";"简装修";"众望楼 (南山/西丽)";"西丽沙河西路工商银行附近"
"业主急租 精装复式两房 家电齐全 东方银座新德家园阳光棕榈园";"6600元/月（押二付一）";"整租";"2室2厅2卫";"68平米";"南";"中层";"精装修";"东方银座公馆 (南山/前海)";"前海路与学府路交汇处以东"
"一号线固戍站，南航明珠花园118平大三房，";"6000元/月（押一付三）";"整租";"3室2厅1卫";"118平米";"南";"中层";"精装修";"万象新天 (宝安/西乡)";"宝安大道与固戍二路交汇处"
"宝能北精装大五房，业主出租，家电齐全，拎包 入住！";"23000元/月（押二付一）";"整租";"5室2厅2卫";"173平米";"南北";"高层";"豪华装修";"宝能太古城北区 (南山/后海)";"南山后海滨路以东"
"星海名城(六期)豪华装修，心血和技术的结合，温馨居家缔造";"12000元/月（押二付一）";"整租";"4室2厅2卫";"135平米";"南";"高层";"豪华装修";"星海名城六期 (南山/前海)";"前海路西侧南头中学对面"
"茵悦之生，精装三房，实图实物，家俬电齐全，可拎包入住";"4300元/月（押二付一）";"整租";"3室2厅1卫";"89平米";"东南";"高层";"简装修";"茵悦之生花园 (龙岗/布吉)";"布吉布龙公路东侧(中海怡翠山庄与丽湖花园之间)"
"中山旁精致三房，京基大花园，78平朝南户型，基本配置出租";"2750元/月（押二付一）";"整租";"3室2厅1卫";"78平米";"南";"高层";"精装修";"京基御景印象 (坪山区/坪山)";"坪山中山大道与体育二路交汇处"
"罗湖谱心苑精装2房3500直接拎包入住 看实图！";"3400元/月（押二付一）";"整租";"2室1厅1卫";"46平米";"南";"高层";"中装修";"谱心苑 (罗湖/布心)";"深圳市罗湖区金稻田路港鹏新村右边"
"宝体地铁站，租金3300，拎包入住，精致大单间，手快有手慢无";"3300元/月（押二付一）";"整租";"1室0厅1卫";"28平米";"西北";"高层";"精装修";"花样年花乡 (宝安/宝安中心区)";"宝安中心区宝安大道与玉律路交汇处"
"木棉湾地鉄站 东方半岛花园 精装修2室, 家电齐全，招租！！！";"3000元/月（押一付二）";"整租";"2室1厅1卫";"72平米";"东西";"高层";"简装修";"东方半岛 (龙岗/布吉)";"深圳市龙岗区布龙路2号"
"红树西岸 两房两卫 家私电器全都配齐 居家舒适 看海景";"18000元/月（押二付一）";"整租";"2室2厅2卫";"118平米";"暂无";"中层";"豪华装修";"红树西岸 (南山/华侨城)";"沙河东路与滨海大道交汇处"
"口物业 宝安豪 宅 熙龙湾经典五室 家私家电齐全 诚租";"17000元/月（押一付三）";"整租";"5室4厅3卫";"176平米";"暂无";"低层";"精装修";"熙龙湾二期 (宝安/宝安中心区)";"深圳市宝安区甲岸路2号"
"《百花专租》长城一走楼梯3房、方正通透、低层有老人买东西方便";"7000元/月（押二付一）";"整租";"3室2厅1卫";"107平米";"南北";"低层";"中装修";"长城一花园 (福田/上步)";"上步百花四路与笋岗西路交汇处西南角"
"户型方正，带大阳台，高楼层，视野开阔无遮挡";"18000元/月（押二付一）";"整租";"3室2厅3卫";"145平米";"南";"高层";"简装修";"中洲中央公园 (宝安/新安)";"深圳宝安区创业路与前进路交汇处"
"南海玫瑰园一期 精装修三房两卫 家电齐全 可拎包入住";"12500元/月（押二付一）";"整租";"3室2厅2卫";"118平米";"南";"中层";"豪华装修";"南海玫瑰园一期 (南山/蛇口)";"蛇口望海路以西（海上世界女娲补天旁）"
"实拍图片 东乐花园 大三房 豪华装修 出租5500";"5750元/月（押二付一）";"整租";"3室2厅1卫";"89平米";"南";"中层";"精装修";"东乐花园 (罗湖/布心)";"布心路和太宁路交界处"
"水贝丰湖花园精装一房一厅 有钥匙 随时入住 租3000元";"2800元/月（面议）";"整租";"1室1厅1卫";"40平米";"南";"高层";"中装修";"丰湖花园 (罗湖/布心)";"布吉路农批市场南面"
"万象城旁，君悦酒店隔壁，幸福里豪宅，精装两房出租";"18000元/月（押二付一）";"整租";"2室2厅2卫";"95平米";"北";"高层";"精装修";"幸福里 (罗湖/蔡屋围)";"宝安南路1881号"
"厚德品园 花园社区 精装修 地铁口物业 深大旁边 近科技园";"8500元/月（押二付一）";"整租";"3室2厅2卫";"100平米";"南";"中层";"精装修";"厚德品园 (南山/南山中心区)";"学府路6号"
"华侨城香山美墅叠拼别墅 全部套间设计 现代风格装修 上下两层";"60000元/月（押二付一）";"整租";"8室3厅5卫";"284平米";"暂无";"中层";"豪华装修";"新天鹅堡 (南山/华侨城)";"华侨城天鹅湖北部"
"香蜜二村 精致两房 家私全齐 白领居家舒适 小区安静！";"5500元/月（押二付一）";"整租";"2室2厅1卫";"83平米";"暂无";"中层";"精装修";"香蜜二村 (福田/景田)";"福田区景田南街42号"
"灵芝地铁出口 都市翠海两房全齐出租 拎包入住";"5500元/月（押二付一）";"整租";"2室2厅1卫";"60平米";"南";"高层";"精装修";"都市翠海华苑 (宝安/新安)";"新安办21区创业二路灵芝公园旁"
"宜家式风格装修 花园式社区 独立阳台";"6500元/月（押一付三）";"整租";"1室1厅1卫";"50平米";"南";"中层";"豪华装修";"大冲新城花园 (南山/科技园)";"广东省深圳市南山区科技路654号"
"布心口，精装电梯两房，全齐，";"4600元/月（押二付一）";"整租";"2室2厅1卫";"68平米";"北";"中层";"精装修";"布心边防小区 (罗湖/布心)";"罗湖区金稻田路"
"坂田天虹 信义嘉御山精装刚需大两房，家私齐全，看房方便";"5500元/月（押二付一）";"整租";"2室2厅1卫";"69平米";"南";"高层";"豪华装修";"信义嘉御山 (龙岗/坂田)";"深圳地铁环中线五和站C出口"
"（个人）全新装修 星河国际花园 豪华大三房 带一固定车位";"13500元/月（押二付一）";"整租";"3室2厅2卫";"123平米";"南北";"中层";"豪华装修";"星河国际花园 (福田/福田中心区)";"福华四路与民田路的交汇处"
"颐安都会2期 客厅阳台朝南 78平 3房 家私齐全 4300月";"4300元/月（押一付二）";"整租";"3室2厅1卫";"78平米";"南";"高层";"精装修";"颐安都会中央 (龙岗/龙岗中心城)";"地铁3号线大运站C出口"
"底价出租 简装修 珠光 拎包随时就可以入住";"4200元/月（押二付一）";"整租";"2室1厅1卫";"54平米";"南";"高层";"简装修";"珠光公寓 (南山/西丽)";"西丽茶光工业区后面"
"科技园的老板们 福利来啦 精装两房 全套家私家电 价格美丽";"5500元/月（押二付一）";"整租";"2室1厅1卫";"60平米";"南";"中层";"精装修";"城市山谷三期 (南山/科技园)";"高新科技园区"
"御河堤花园 精装一房一厅 地铁口物业 随时入住";"5400元/月（押二付一）";"整租";"1室1厅1卫";"44平米";"东";"中层";"精装修";"御河堤 (福田/上步)";"红岭南路与东园路交汇处岁宝百货旁"
"蜗牛房东直租 无中介费 11号线福永站700米";"1800元/月（押一付一）";"整租";"1室0厅1卫";"25平米";"南";"高层";"中装修";"鸿德园 (宝安/福永)";"宝安宝安区桥和路"
"店长！丽湾国际46平2室家具电器齐全干净";"4200元/月（押二付一）";"整租";"2室2厅1卫";"46平米";"南";"中层";"精装修";"丽湾商务公寓(南山/前海)";"前海路与兴海大道交汇处"
"招商名仕精装修安静大四房拎包入住登良地铁";"11500元/月（押二付一）";"整租";"4室2厅2卫";"137平米";"南北";"中层";"精装修";"招商名仕花园 (南山/后海)";"后海大道与登良路东交汇处"
"同乐社区 中骏四季阳光 新房出租 近坪山高铁站 随时看房";"2600元/月（押一付一）";"整租";"3室2厅2卫";"75平米";"南北";"高层";"精装修";"中骏四季阳光 (龙岗/龙岗中心城)";"深汕公路与深汕高速交汇处（沈海高速龙岗出口右拐200"
"豪华装修 华润物业 私密性好 朝向好2居室";"15000元/月（押一付三）";"整租";"2室2厅2卫";"95平米";"北";"中层";"豪华装修";"幸福里 (罗湖/蔡屋围)";"宝安南路1881号"
"金地香蜜山《豪华装修大三房中等楼层》二号线香蜜站南北通透";"15500元/月（押二付一）";"整租";"3室2厅2卫";"136平米";"南北";"中层";"豪华装修";"金地香蜜山 (福田/香蜜湖)";"香蜜路与侨香路交汇处"
"坂田天安云谷旁佳兆业城市广场，精装住家方正三房，楼层佳看园景";"5500元/月（押二付一）";"整租";"3室2厅2卫";"89平米";"南北";"中层";"精装修";"佳兆业城市广场 (龙岗/坂田)";"坂雪岗大道与布澜大道交汇处"
"前海星海名城二期 2房 高楼层 安静";"6680元/月（押二付一）";"整租";"2室1厅1卫";"75平米";"南";"高层";"简装修";"星海名城二期 (南山/前海)";"前海路西侧南头中学对面"
"一村5区，地-铁口，精装三加一房，配套齐，拎包住，仅租7300";"7000元/月（押一付三）";"整租";"3室1厅1卫";"98平米";"南";"低层";"精装修";"梅林一村 (福田/梅林)";"福田梅林路148号"
"园岭花园：地铁口花园式住宅，南向精装修大三房，可配齐家私";"6800元/月（面议）";"整租";"3室2厅1卫";"94平米";"南北";"中层";"精装修";"园岭花园 (福田/上步)";"笋岗西路1005号"
"我们租的不是楼，是艺术品，是古董，是成就地位与历史！";"12000元/月（押二付一）";"整租";"3室2厅1卫";"108平米";"南";"高层";"精装修";"香榭里花园 (福田/农科中心)";"农科中心农园路与春田路交汇西"
"上城，尚上生活，三个公园环绕，地铁3号线，大3房";"40000元/月（押二付一）";"整租";"3室2厅4卫";"260平米";"南北";"高层";"精装修";"深业上城 (福田/莲花)";"区皇岗路与笋岗路交汇处西北(原赛格日立厂房)"
"水湾1979高层精装修，三居室户型好，装修不错看房方便";"18000元/月（押一付三）";"整租";"3室1厅1卫";"146平米";"南";"高层";"毛坯";"水湾1979 (南山/蛇口)";"蛇口太子路与荔园路交汇（水湾地铁站D出口）"
"福田车公庙口 都市阳光名苑105平办.公型";"8000元/月（押二付一）";"整租";"3室1厅1卫";"105平米";"南北";"高层";"精装修";"都市阳光名苑 (福田/车公庙)";"深圳市福田区深南大道6017号"
"缔梦园，年轻人筑梦家园，温馨小窝";"4200元/月（押二付一）";"整租";"1室1厅1卫";"40平米";"南";"高层";"精装修";"缔梦园 (福田/景田)";"景田莲花路与景田路交汇处"
"君汇新天精装修两房两卫 花园中间安静 租客转租 租金仅1万";"10000元/月（面议）";"整租";"2室2厅2卫";"85平米";"南北";"高层";"精装修";"君汇新天 (南山/蛇口)";"深圳市南山区中心路(深圳湾段)2269号"
"看好了，别上当，金色家园的房子哪有那么便宜，少有，这套带车位";"12800元/月（押二付一）";"整租";"3室2厅1卫";"113平米";"南";"中层";"精装修";"万科金色家园二期 (福田/景田)";"福田区莲花路2018号"
"蛇口花园城三期朝南精装修3房2卫小区内带所双语幼儿园";"11000元/月（押二付一）";"整租";"3室2厅2卫";"107平米";"南北";"低层";"精装修";"花园城(三期)(南山/蛇口)";"南海大道"
"黄贝岭地铁口， 大三房朝东南中层大阳台，豪装拎包入住。";"9000元/月（押二付一）";"整租";"3室1厅2卫";"89平米";"东南";"中层";"豪华装修";"深业东岭 (罗湖/黄贝岭)";"深南东路与沿河北路交汇处(近黄贝岭村牌坊)"
"五和民治双口，四季如春环湖社区，家私、家私、家私";"5500元/月（押二付一）";"整租";"2室2厅1卫";"67平米";"南北";"中层";"精装修";"春华四季园 (龙华区/民治)";"华南路与民康路交界处"
"近关口，吉星花园小区房精装出租";"1600元/月（押一付一）";"整租";"1室1厅1卫";"45平米";"南";"高层";"精装修";"吉星花园 (龙岗/布吉)";"布吉街道办深惠路30-40号"
"荔山公馆，邻地铁口，家电，品质生活！";"6000元/月（押二付一）";"整租";"3室2厅2卫";"89平米";"暂无";"低层";"暂无资料";"荔山公馆 (龙岗/布吉)";"龙岗区布吉荣华路与白鸽路交汇处"
"海韵嘉园 95平方正三房 全新装修 可拎包入住，周边配套成熟";"12000元/月（押二付一）";"整租";"3室2厅1卫";"95平米";"南";"低层";"简装修";"海韵嘉园 (南山/蛇口)";"深圳市南山区望海路1088号"
"石厦精装修一房一厅 近 品质小区 家电全齐 拎包入住";"5500元/月（押二付一）";"整租";"1室1厅1卫";"42平米";"西北";"低层";"精装修";"绿洲丰和家园 (福田/石厦)";"新洲路与滨河大道交界处"
"心酸价 火急火燎出租 100平3室";"8000元/月（押二付一）";"整租";"3室2厅2卫";"100平米";"南北";"低层";"简装修";"天朗风清 (南山/前海)";"南山区桃李路20号"
